sample	CHROM	seg	cnv_state	cnv_state_post	seg_start	seg_end	seg_start_index	seg_end_index	theta_mle	theta_sigma	phi_mle	phi_sigma	p_loh	p_del	p_amp	p_bamp	p_bdel	LLR	LLR_y	LLR_x	n_genes	n_snps	component	LLR_sample	seg_length	seg_cons
3	7	7a	loh	loh	89435	49812797	1	2746	0.480991216156247	0.00157795035494634	1.23490037729526	0.0546555337517444	0.9999999999986	1.39958590076342e-12	0	0	0	32293.7326248642	4177.10903672615	11.362856522715	250	2004	1	4188.47189324886	49723362	7a
3	7	7b	amp	amp	49977668	100642568	2747	5006	0.201175977769022	0.00533209858682117	1.43010322047533	0.0649132412524375	0.000103201784225534	5.58887396509059e-20	0.999896798215774	1.24634232162424e-114	6.96636909463682e-134	269.843770778748	543.240057927405	31.0578607399509	240	1861	2	574.297918667356	50664900	7b
3	7	7c	del	del	100799705	159200001	5007	6988	0.4806002968978	0.00223106456684688	0.623827955400087	0.0255488167477355	9.79292658012588e-18	1	0	0	0	16163.7845074085	2079.94399008353	66.3785165790537	294	1162	3	2146.32250666258	58400296	7c
