sample	CHROM	seg	cnv_state	cnv_state_post	seg_start	seg_end	seg_start_index	seg_end_index	theta_mle	theta_sigma	phi_mle	phi_sigma	p_loh	p_del	p_amp	p_bamp	p_bdel	LLR	LLR_y	LLR_x	n_genes	n_snps	component	LLR_sample	seg_length	seg_cons
0.2	7	7a	loh	loh	89435	49812797	1	2811	0.476209934062349	0.00165823750633288	1.15307701693931	0.0480688010244512	0.999999999946156	5.38436035437239e-11	0	0	0	28549.6023161045	4559.57645836311	5.83689939133615	250	2154	1	4565.41335775445	49723362	7a
0.2	7	7b	amp	amp	49977668	100642568	2812	5117	0.177791830323611	0.00513767713752297	1.44476196387932	0.0617375388055851	1.74126348141398e-05	6.7814705108271e-23	0.999982587365186	4.43763444695284e-81	3.00942111593507e-103	194.368130231561	474.755934943345	37.0692828268848	240	1998	2	511.82521777023	50664900	7b
0.2	7	7c	del	del	100799705	159200001	5118	7151	0.46983894478513	0.00255171834234285	0.656098403026321	0.0252989593201366	1.39077704867845e-13	0.999999999999861	0	0	0	11704.0530457691	2357.26535078591	59.7292085991603	294	1337	3	2416.99455938507	58400296	7c
