sample	CHROM	seg	cnv_state	cnv_state_post	seg_start	seg_end	seg_start_index	seg_end_index	theta_mle	theta_sigma	phi_mle	phi_sigma	p_loh	p_del	p_amp	p_bamp	p_bdel	LLR	LLR_y	LLR_x	n_genes	n_snps	component	LLR_sample	seg_length	seg_cons
0.2	7	7a	loh	loh	89435	49812797	1	2720	0.466633251578708	0.0019581086349617	1.1167410199474	0.0666425664851546	0.999979771057685	2.02289423145112e-05	0	0	0	19498.3203932033	4323.49027148492	1.71167068233558	100	2177	1	4325.20194216726	49723362	7a
0.2	7	7b	amp	amp	49977668	100171334	2721	4888	0.166438950326276	0.00519046309705312	1.45347805919219	0.0881797226945632	0.00136344044151999	1.86611175362719e-12	0.998636559556614	1.42706808558162e-62	2.6667044203874e-74	147.391595469895	415.25203089251	18.9973972281742	98	1988	2	434.249428120684	50193666	7b
	7		neu	neu	100176499	100569379																			392880	7c
0.2	7	7d	del	del	100570257	159088708	4915	6843	0.44981240702878	0.00321914223431348	0.665566239796988	0.0367419178780022	9.12305751875151e-07	0.999999087694248	1.96574846636104e-165	0	0	6616.57327733238	2157.7687794735	27.1936497039429	118	1386	3	2184.96242917744	58518451	7d
	7		neu	neu	159108248	159117853																			9605	7e
