sample	CHROM	seg	cnv_state	cnv_state_post	seg_start	seg_end	seg_start_index	seg_end_index	theta_mle	theta_sigma	phi_mle	phi_sigma	p_loh	p_del	p_amp	p_bamp	p_bdel	LLR	LLR_y	LLR_x	n_genes	n_snps	component	LLR_sample	seg_length	seg_cons
3	7	7a	loh	loh	89435	49812797	1	2992	0.486547784610716	0.00170561285545166	1.66987672511876	0.046748873683459	1	2.76274072443233e-46	0	0	0	28412.2352330554	2636.73284447169	167.724183362376	499	1219	1	2804.45702783406	49723362	7a
	7		neu	neu	49900001	49985741																			85740	7b
2	7	7b	amp	amp	49985742	50404626	2995	3109	0.193990645012328	0.0231428467273781	3.23921860384553	0.83076388801588	0.0125585883590738	0.00482792916874787	0.982613067082141	4.13359056217662e-07	2.03098077110398e-09	17.4493219789247	27.5800419105669	10.5000129777224	6	84	4	38.0800548882893	418884	7c
	7		neu	neu	50405553	63700001																			13294448	7d
0	7	7d	amp	amp	63790129	100642568	3369	5478	0.136177517207298	0.00539148151967552	1.77958054884311	0.0388540638154956	1.91888944347358e-52	2.98634479488748e-129	1	1.00814231320746e-25	3.01066054955284e-154	175.02975830085	265.326750695619	348.434932457462	369	1887	2	613.761683153081	36852439	7e
2	7	7e	loh	loh	100799705	159300001	5479	7767	0.462838211197963	0.00354059346005372	0.982731164188687	0.0258584922256161	0.999999979330685	2.06693147127346e-08	2.52822289660524e-151	0	0	5849.85323997136	1423.77301953502	0.21915232648189	587	1016	3	1423.9921718615	58500296	7f
