sample	CHROM	seg	cnv_state	cnv_state_post	seg_start	seg_end	seg_start_index	seg_end_index	theta_mle	theta_sigma	phi_mle	phi_sigma	p_loh	p_del	p_amp	p_bamp	p_bdel	LLR	LLR_y	LLR_x	n_genes	n_snps	component	LLR_sample	seg_length	seg_cons
	7		neu	neu	89435	1014322																			924887	7a
2	7	7b	loh	loh	1026312	50107699	64	2884	0.327989815353981	0.00435619039694138	1.10955243424216	0.0280618643048986	0.997733967048257	5.15707191873064e-22	0.00226603295174337	0	0	1623.7604105622	1688.88592916699	8.4475603212818	492	2175	1	1697.33348948827	49081387	7b
2	7	7d	del	del	50108518	63600001	2885	3225	0.0854990063033264	0.014676236602622	0.638063276373193	0.0364164089128544	8.23688492919005e-09	0.646053650523823	3.09843916646917e-52	1.69750794788495e-52	0.353946341239292	17.6069429220971	12.8909125333325	31.0245963929941	103	241	4	43.9155089263266	13491483	7c
2	7	7e	amp	amp	63790129	100642568	3226	5251	0.189556344197843	0.00588623845080344	1.54041957398026	0.0449708213408615	2.8642744874679e-15	7.35256961902418e-55	0.999999999999997	1.27744250275077e-77	9.39248493577541e-132	208.931215523464	413.383008613263	109.508877012324	369	1675	2	522.891885625587	36852439	7d
2	7	7f	del	del	100799705	159300001	5252	7403	0.265020614675062	0.00610377624220311	0.753915567446795	0.0174855162023518	3.27163649994409e-07	0.99999967283635	4.27691670239422e-137	0	3.9246872720096e-202	477.078269205599	617.158647075259	74.1706733862329	587	1474	3	691.329320461492	58500296	7e
