sample	CHROM	seg	cnv_state	cnv_state_post	seg_start	seg_end	seg_start_index	seg_end_index	theta_mle	theta_sigma	phi_mle	phi_sigma	p_loh	p_del	p_amp	p_bamp	p_bdel	LLR	LLR_y	LLR_x	n_genes	n_snps	component	LLR_sample	seg_length	seg_cons
2	7	7a	loh	loh	1	50094761	1	2961	0.324130353106293	0.00442346013995288	1.10424614173724	0.0249861789821156	0.999663463310226	2.83048039581719e-26	0.000336536689773468	0	0	1526.2838547425	1655.21879195682	9.60269181526928	627	2233	1	1664.82148377209	50094760	7a
2	7	7c	del	del	50107699	63680001	2962	3320	0.0830880299901125	0.0147170506694969	0.636246806696415	0.0332239206987463	2.12480450169386e-10	0.583098533085583	9.84430183375544e-63	7.03843971520816e-63	0.416901466701937	20.9982394980782	12.0047164145875	37.5239640177987	125	242	4	49.5286804323862	13572302	7b
2	7	7d	amp	amp	63790129	100642568	3321	5406	0.19034520562029	0.00582073164285688	1.53561825853565	0.0406297030941034	7.57106727358891e-18	7.56601880881728e-66	1	1.92282552654261e-80	1.45481340998954e-145	221.365771423543	416.718254617028	131.404853765895	459	1668	2	548.123108382923	36852439	7c
2	7	7e	del	del	100799705	159280001	5407	7659	0.264078185148122	0.0061145149611135	0.754049118238052	0.0158332092206292	2.06576376252256e-08	0.999999979342362	1.3681809493029e-166	0	2.07649258400821e-199	473.569496085167	609.907661472564	90.3792606136321	733	1474	3	700.286922086196	58480296	7d
