sample	CHROM	seg	cnv_state	cnv_state_post	seg_start	seg_end	seg_start_index	seg_end_index	theta_mle	theta_sigma	phi_mle	phi_sigma	p_loh	p_del	p_amp	p_bamp	p_bdel	LLR	LLR_y	LLR_x	n_genes	n_snps	component	LLR_sample	seg_length	seg_cons
3	7	7a	loh	loh	1	49840001	1	3110	0.489787151012094	0.0014580116180434	1.65221936040512	0.0414198042866861	1	3.78249788473897e-57	0	0	0	39502.0025352914	2823.46101202778	200.579302736132	624	1246	1	3024.04031476391	49840000	7a
	7		neu	neu	49920001	49985741																			65740	7b
2	7	7b	amp	amp	49985742	50404626	3113	3228	0.199464317789301	0.024099465159486	2.9653465484696	0.676054787175055	0.00666104534197794	0.00158815027254438	0.991750449067976	3.54749419652003e-07	5.68081807308144e-10	18.2456113261162	26.6310989867568	11.3651709277102	7	81	4	37.996269914467	418884	7c
	7		neu	neu	50405553	63760001																			13354448	7d
0	7	7d	amp	amp	63790129	100642568	3508	5696	0.136177517207298	0.00539148151967552	1.77664183520873	0.0349875120849215	1.44812988665392e-63	7.03485969510489e-158	1	1.00814231320746e-25	7.09213972611277e-183	200.639667936952	265.326750695619	425.830815588358	459	1887	2	691.157566283977	36852439	7e
3	7	7e	loh	loh	100799705	159280001	5697	8120	0.488191491652314	0.00225046575463798	0.862920417545878	0.020112067584499	0.863255712668333	0.136744287331668	0	0	0	16454.1716213544	1319.78452308681	20.0085120420354	732	700	3	1339.79303512885	58480296	7f
