sample	CHROM	seg	cnv_state	cnv_state_post	seg_start	seg_end	seg_start_index	seg_end_index	theta_mle	theta_sigma	phi_mle	phi_sigma	p_loh	p_del	p_amp	p_bamp	p_bdel	LLR	LLR_y	LLR_x	n_genes	n_snps	component	LLR_sample	seg_length	seg_cons
3	7	7a	loh	loh	1	49900001	1	3444	0.487095818056774	0.00147243298597581	1.13521257759302	0.0251256429644133	1	5.50427629509955e-32	0	0	0	38225.0660755568	3314.09299090925	16.415468036429	999	1392	1	3330.50845894568	49900000	7a
	7		neu	neu	49950001	63650001																			13700000	7b
3	7	7c	amp	amp	63700001	91345052	3904	5678	0.175514606141255	0.00937718451017946	1.35794758031187	0.0406238888101522	1.63553082037579e-05	2.07277515607389e-37	0.999983644691796	1.14670066769275e-24	2.37689153024042e-61	64.5366571821775	120.810017746319	52.3019331847368	549	694	2	173.111950931056	27645051	7c
0	7	7e	amp	amp	91348671	93375756	5679	5816	0.261108274049333	0.0165802234107774	2.52758823724126	0.190377624102022	1.03843448799392e-12	4.03731459982839e-19	0.999999999998962	4.46710193047831e-28	1.80350958428023e-46	88.9595116676217	91.6744117637001	75.779322551877	42	110	3	167.453734315577	2027085	7d
0	7	7g	amp	amp	93375919	100569379	5818	6352	0.148003291876389	0.0108737041589622	2.0820777409984	0.0837633260705728	7.87667595252101e-27	5.62718161134187e-50	0.999999999799864	2.00136172307837e-10	1.12620258880038e-59	80.8284767362908	70.164859464528	166.145236673931	145	421	4	236.310096138459	7193460	7e
3	7	7i	del	del	100570257	107950001	6353	6784	0.476207948591806	0.00638834168608814	0.548672483352422	0.0316317144510966	1.25197669783808e-20	1	1.41156554199736e-147	0	0	1972.53332111886	293.89946174036	54.2091864017524	149	142	5	348.108648142112	7379744	7f
3	7	7k	del	del	108025921	138295441	6785	8127	0.48318586915048	0.00348656444458925	0.834015485392545	0.0237775186883676	0.38614221783566	0.61385778216434	1.00806395980843e-261	0	0	6691.30170239968	740.907387612645	20.2661227037288	606	402	6	761.173510316374	30269520	7g
3	7	7m	del	del	138300001	159300001	8128	9211	0.487327644366	0.00311692824327576	0.544648920181536	0.0188063022966695	3.29756692059104e-56	1	0	0	0	8670.87785348893	754.645389452506	154.893593670425	419	329	7	909.538983122931	21000000	7h
