sample	CHROM	seg	cnv_state	cnv_state_post	seg_start	seg_end	seg_start_index	seg_end_index	theta_mle	theta_sigma	phi_mle	phi_sigma	p_loh	p_del	p_amp	p_bamp	p_bdel	LLR	LLR_y	LLR_x	n_genes	n_snps	component	LLR_sample	seg_length	seg_cons
3	7	7a	loh	loh	89435	49812797	1	2724	0.480657109618526	0.00158519807080185	1.23619713775769	0.0660718744147715	0.999999995403973	4.5960270313837e-09	0	0	0	31945.8516662898	4175.39525473011	7.86944720180713	167	2012	1	4183.26470193192	49723362	7a
3	7	7b	amp	amp	49977668	100642568	2725	4944	0.200916396726121	0.0053416426432256	1.43713185789549	0.0788592597187377	0.000833593916809345	2.00370160856182e-14	0.999166406083171	9.45524443737647e-114	1.89612945082735e-127	265.727623377336	541.677143524092	21.8385036691618	160	1867	2	563.515647193254	50664900	7b
3	7	7c	del	del	100799705	159300001	4945	6883	0.481278409513141	0.00219788956263778	0.621800385856193	0.0307199479654032	4.94445212828223e-13	0.999999999999506	0	0	0	16699.5612309273	2094.21786373881	46.2457713380861	197	1155	3	2140.46363507689	58500296	7c
