sample	CHROM	seg	cnv_state	cnv_state_post	seg_start	seg_end	seg_start_index	seg_end_index	theta_mle	theta_sigma	phi_mle	phi_sigma	p_loh	p_del	p_amp	p_bamp	p_bdel	LLR	LLR_y	LLR_x	n_genes	n_snps	component	LLR_sample	seg_length	seg_cons
0.2	7	7a	loh	loh	89435	49812797	1	2756	0.476185701584254	0.00167414996223931	1.15329677150066	0.0576020690166344	0.999999960143906	3.98560940353692e-08	0	0	0	28006.1206120327	4465.87931351466	4.07717356599756	167	2112	1	4469.95648708066	49723362	7a
0.2	7	7b	amp	amp	49977668	100642568	2757	5002	0.183792323477331	0.00522190318608209	1.45510841406708	0.0745834609516928	0.000181823394508112	8.96060591193526e-17	0.999818176605492	3.26048282741932e-88	2.92212147996041e-104	208.44846784197	484.458007598346	26.7742688271519	160	1964	2	511.232276425498	50664900	7b
0.2	7	7c	del	del	100799705	159300001	5003	6976	0.47259215718851	0.00248178488252169	0.653183900467624	0.0301467991852738	2.38310065613736e-10	0.99999999976169	0	0	0	12538.4800180556	2327.37282365018	42.576497578377	197	1297	3	2369.94932122856	58500296	7c
