sample	CHROM	seg	cnv_state	cnv_state_post	seg_start	seg_end	seg_start_index	seg_end_index	theta_mle	theta_sigma	phi_mle	phi_sigma	p_loh	p_del	p_amp	p_bamp	p_bdel	LLR	LLR_y	LLR_x	n_genes	n_snps	component	LLR_sample	seg_length	seg_cons
3	7	7a	loh	loh	89435	49812797	1	2712	0.480631953838929	0.00160056488294499	1.20957023385999	0.0785393609997682	0.99999663392092	3.36607908007817e-06	0	0	0	31331.5291941515	4096.68161475143	4.29312336308647	100	1971	1	4100.97473811452	49723362	7a
3	7	7b	amp	amp	49977668	100171334	2713	4869	0.202321451324834	0.00543297799367331	1.44208016533494	0.0952184918877557	0.00395703885474721	1.36195413590807e-10	0.996042961009057	1.48642563588352e-112	2.03248616953267e-122	261.412012575608	530.670472537759	15.3698234663483	98	1802	2	546.040296004108	50193666	7b
	7		neu	neu	100176499	100196319																			19820	7c
3	7	7d	del	del	100198523	159088708	4875	6807	0.477399760741582	0.00242098101196498	0.630044052339708	0.0376894052324321	1.10646401169583e-08	0.99999998893536	0	0	0	13495.0513905026	2040.54603658514	29.8189593427097	119	1160	3	2070.36499592785	58890185	7d
	7		neu	neu	159108248	159117853																			9605	7e
